species	rep_genome
Acetatifactor_acetigignens	Acetatifactor_acetigignens__TS_ADULT_54
Acetatifactor_intestinalis	Acetatifactor_intestinalis__Hadza_MoBio_C_REDO_B_7_1518
Acetatifactor_sp003447295	Acetatifactor_sp003447295__Hadza_MoBio_hadza_A_D_A_4_1104
Acetatifactor_sp900554205	Acetatifactor_sp900554205__Hadza_PheChl_Fiber_Hadza_Nepal_E_4_1526
Agathobacter_faecis	Agathobacter_faecis__Hadza_MoBio_hadza_I_L_K_16_2625
Agathobacter_rectalis	Agathobacter_rectalis__TS_ADULT_82
Agathobacter_sp900543445	Agathobacter_sp900543445__Hadza_MoBio_hadza_A_D_K_24_1168
Agathobacter_sp900546625	Agathobacter_sp900546625__TS_ADULT_21
Agathobacter_sp900548765	Agathobacter_sp900548765__Hadza_MoBio_hadza_A_D_B_6_1603
Agathobacter_sp905209075	Agathobacter_sp905209075__Hadza_MoBio_hadza_I_L_O_18_2640
Agathobacter_sp934307695	Agathobacter_sp934307695__TS_ADULT_6
Agathobacter_sp934359755	Agathobacter_sp934359755__TS_ADULT_19
Agathobaculum_butyriciproducens	Agathobaculum_butyriciproducens__Hadza_MoBio_hadza_E_H_G_7_1734
Agathobaculum_hominis	Agathobaculum_hominis__Hadza_MoBio_hadza_I_L_I_4_2616
Agathobaculum_sp934504345	Agathobaculum_sp934504345__TS_ADULT_4
Akkermansia_muciniphila	Akkermansia_muciniphila__Hadza_MoBio_hadza_A_D_L_17_1528
Alitiscatomonas_sp900556965	Alitiscatomonas_sp900556965__TS_ADULT_10
Alloprevotella_sp900539625	Alloprevotella_sp900539625__Hadza_MoBio_hadza_A_D_M_18_1188
Alloprevotella_sp900540885	Alloprevotella_sp900540885__Hadza_MoBio_hadza_E_H_P_23_2151
Alloprevotella_sp900541575	Alloprevotella_sp900541575__Hadza_MoBio_hadza_E_H_E_17_1727
Alloprevotella_sp900542795	Alloprevotella_sp900542795__Hadza_MoBio_hadza_I_L_I_17_2476
Alloprevotella_sp900543155	Alloprevotella_sp900543155__Hadza_MoBio_hadza_I_L_O_8_2643
Anaerobutyricum_hallii	Anaerobutyricum_hallii__Hadza_PheChl_Fiber_Hadza_Nepal_C_12_2317
Anaerobutyricum_soehngenii	Anaerobutyricum_soehngenii__TS_ADULT_128
Anaerostipes_hadrus	Anaerostipes_hadrus__Hadza_MoBio_hadza_E_H_D_24_2201
Anaerotardibacter_sp900544455	Anaerotardibacter_sp900544455__Hadza_PheChl_Fiber_Hadza_Nepal_E_6_1527
Anaerotignum_faecicola	Anaerotignum_faecicola__Hadza_PheChl_Fiber_Hadza_Nepal_C_8_2273
Anaerovibrio_sp900548165	Anaerovibrio_sp900548165__Hadza_MoBio_hadza_E_H_H_10_2273
Angelakisella_sp004557855	Angelakisella_sp004557855__Hadza_MoBio_hadza_A_D_G_8_1096
Angelakisella_sp900547385	Angelakisella_sp900547385__Hadza_MoBio_hadza_A_D_F_1_1575
Angelakisella_sp900552845	Angelakisella_sp900552845__Hadza_PheChl_Fiber_Hadza_Nepal_E_4_1526
Anthropogastromicrobium_sp934292725	Anthropogastromicrobium_sp934292725__Hadza_MoBio_hadza_A_D_O_4_1196
Aphodocola_sp000434835	Aphodocola_sp000434835__Hadza_MoBio_hadza_A_D_D_19_1578
Aphodocola_sp900547225	Aphodocola_sp900547225__TS_ADULT_50
Aphodocola_sp900772415	Aphodocola_sp900772415__Hadza_MoBio_hadza_E_H_P_19_2149
Aphodocola_sp934162425	Aphodocola_sp934162425__TS_ADULT_172
Aphodomonas_sp004557805	Aphodomonas_sp004557805__Hadza_PheChl_Fiber_Hadza_Nepal_A_10_1531
Aphodomonas_sp934615235	Aphodomonas_sp934615235__TS_ADULT_174
Avelusimicrobium_sp900540405	Avelusimicrobium_sp900540405__Hadza_MoBio_hadza_A_D_K_24_1168
Avelusimicrobium_sp900541355	Avelusimicrobium_sp900541355__Hadza_MoBio_hadza_A_D_E_14_1160
Avelusimicrobium_sp900762815	Avelusimicrobium_sp900762815__Hadza_MoBio_hadza_E_H_O_22_1935
Avelusimicrobium_sp934667625	Avelusimicrobium_sp934667625__Hadza_MoBio_hadza_A_D_K_12_1156
Avispirillum_sp900555345	Avispirillum_sp900555345__TS_ADULT_168
Bacteroides_F_pectinophilus	Bacteroides_F_pectinophilus__Hadza_MoBio_hadza_I_L_B_17_2661
Bacteroides_fragilis	Bacteroides_fragilis__TS_ADULT_173
Bacteroides_ovatus	Bacteroides_ovatus__TS_ADULT_51
Bacteroides_uniformis	Bacteroides_uniformis__TS_ADULT_2
Bariatricus_comes	Bariatricus_comes__Hadza_MoBio_hadza_E_H_A_2_1814
Bariatricus_sp934307065	Bariatricus_sp934307065__Hadza_PheChl_Fiber_Hadza_Nepal_C_8_2273
Bifidobacterium_adolescentis	Bifidobacterium_adolescentis__TS_ADULT_42
Bilophila_wadsworthia	Bilophila_wadsworthia__Hadza_MoBio_hadza_E_H_P_19_2149
Blautia_A_acetigignens	Blautia_A_acetigignens__Hadza_MoBio_hadza_I_L_D_21_2679
Blautia_A_ammoniilytica	Blautia_A_ammoniilytica__Hadza_PheChl_Fiber_Hadza_Nepal_E_18_1662
Blautia_A_difficilis	Blautia_A_difficilis__Hadza_MoBio_hadza_E_H_B_8_2155
Blautia_A_faecis	Blautia_A_faecis__Hadza_MoBio_hadza_A_D_G_14_1102
Blautia_A_fusiformis	Blautia_A_fusiformis__Hadza_PheChl_Fiber_Hadza_Nepal_C_24_1307
Blautia_A_obeum	Blautia_A_obeum__Hadza_MoBio_hadza_E_H_I_1_1742
Blautia_A_sp000436615	Blautia_A_sp000436615__Hadza_MoBio_C_REDO_E_9_1560
Blautia_A_sp900066205	Blautia_A_sp900066205__Hadza_MoBio_hadza_A_D_J_19_1543
Blautia_A_sp900066355	Blautia_A_sp900066355__Hadza_MoBio_hadza_E_H_I_1_1742
Blautia_A_sp900551715	Blautia_A_sp900551715__Hadza_MoBio_C_REDO_D_2_1542
Blautia_A_sp905209435	Blautia_A_sp905209435__Hadza_MoBio_hadza_I_L_P_16_2361
Blautia_A_sp934408705	Blautia_A_sp934408705__Hadza_PheChl_Fiber_Hadza_Nepal_A_24_1660
Blautia_A_sp934426285	Blautia_A_sp934426285__Hadza_PheChl_Fiber_Hadza_Nepal_E_10_1530
Blautia_A_wexlerae	Blautia_A_wexlerae__Hadza_MoBio_hadza_E_H_K_7_1773
Blautia_stercoris	Blautia_stercoris__Hadza_MoBio_hadza_A_D_D_21_1577
Brachyspira_aalborgi	Brachyspira_aalborgi__Hadza_MoBio_hadza_E_H_A_15_1703
Brotaphodocola_catenula	Brotaphodocola_catenula__Hadza_MoBio_C_REDO_C_5_1529
Bruticola_sp004554425	Bruticola_sp004554425__Hadza_MoBio_hadza_A_D_H_3_1562
Bulleidia_sp905194705	Bulleidia_sp905194705__Hadza_MoBio_hadza_E_H_K_14_1915
Bulleidia_sp934754415	Bulleidia_sp934754415__Hadza_MoBio_hadza_E_H_O_16_1933
Butyricicoccus_A_intestinisimiae	Butyricicoccus_A_intestinisimiae__Hadza_MoBio_hadza_E_H_E_9_1723
Butyrivibrio_A_crossotus	Butyrivibrio_A_crossotus__Hadza_PheChl_Fiber_Hadza_Nepal_A_8_1525
Butyrivibrio_A_sp000431815	Butyrivibrio_A_sp000431815__Hadza_PheChl_Fiber_Hadza_Nepal_A_16_1650
CAAFZY01_sp900767645	CAAFZY01_sp900767645__Hadza_MoBio_hadza_I_L_F_16_1210
Caccovivens_sp900753315	Caccovivens_sp900753315__Hadza_MoBio_hadza_E_H_O_22_1935
CACZYB01_sp934246625	CACZYB01_sp934246625__Hadza_MoBio_hadza_I_L_G_24_2613
CAG_1000_sp000434555	CAG_1000_sp000434555__TS_ADULT_35
CAG_1000_sp004560915	CAG_1000_sp004560915__Hadza_MoBio_hadza_I_L_F_16_1210
CAG_1000_sp900556025	CAG_1000_sp900556025__Hadza_MoBio_hadza_I_L_L_3_1264
CAG_1000_sp900772435	CAG_1000_sp900772435__TS_ADULT_173
CAG_1000_sp934102215	CAG_1000_sp934102215__Hadza_MoBio_C_REDO_D_2_1542
CAG_1024_sp000432015	CAG_1024_sp000432015__Hadza_MoBio_hadza_E_H_M_22_1922
CAG_103_sp900543625	CAG_103_sp900543625__Hadza_MoBio_hadza_I_L_K_19_2488
CAG_1138_sp000434675	CAG_1138_sp000434675__Hadza_MoBio_hadza_A_D_I_4_1118
CAG_115_sp000432175	CAG_115_sp000432175__Hadza_MoBio_hadza_I_L_D_21_2679
CAG_115_sp003507295	CAG_115_sp003507295__Hadza_MoBio_hadza_I_L_M_10_2632
CAG_1193_sp934130375	CAG_1193_sp934130375__Hadza_MoBio_hadza_I_L_M_1_2491
CAG_170_sp000432135	CAG_170_sp000432135__Hadza_MoBio_hadza_I_L_M_13_2496
CAG_170_sp000436735	CAG_170_sp000436735__TS_ADULT_134
CAG_170_sp002404795	CAG_170_sp002404795__Hadza_MoBio_hadza_I_L_O_5_2504
CAG_170_sp003516765	CAG_170_sp003516765__TS_ADULT_101
CAG_170_sp900548625	CAG_170_sp900548625__Hadza_MoBio_C_REDO_D_2_1542
CAG_170_sp900549635	CAG_170_sp900549635__TS_ADULT_2
CAG_170_sp902796245	CAG_170_sp902796245__TS_ADULT_144
CAG_170_sp934621665	CAG_170_sp934621665__TS_ADULT_69
CAG_170_sp934631005	CAG_170_sp934631005__Hadza_MoBio_hadza_A_D_M_24_1194
CAG_170_sp934636305	CAG_170_sp934636305__TS_ADULT_168
CAG_170_sp934646005	CAG_170_sp934646005__TS_ADULT_134
CAG_170_sp934655875	CAG_170_sp934655875__Hadza_PheChl_Fiber_Hadza_Nepal_C_4_2225
CAG_170_sp934661735	CAG_170_sp934661735__Hadza_MoBio_hadza_E_H_G_5_1733
CAG_170_sp934668295	CAG_170_sp934668295__Hadza_MoBio_hadza_I_L_K_9_2483
CAG_177_sp000431775	CAG_177_sp000431775__TS_ADULT_27
CAG_177_sp003514385	CAG_177_sp003514385__Hadza_MoBio_hadza_E_H_P_7_2143
CAG_177_sp003538135	CAG_177_sp003538135__TS_ADULT_158
CAG_194_sp000432915	CAG_194_sp000432915__Hadza_MoBio_hadza_E_H_K_17_1778
CAG_196_sp900553895	CAG_196_sp900553895__TS_ADULT_21
CAG_196_sp934757275	CAG_196_sp934757275__TS_ADULT_156
CAG_217_sp000436335	CAG_217_sp000436335__TS_ADULT_140
CAG_238_sp000435615	CAG_238_sp000435615__TS_ADULT_133
CAG_238_sp900551415	CAG_238_sp900551415__TS_ADULT_32
CAG_245_sp000434195	CAG_245_sp000434195__Hadza_MoBio_hadza_E_H_A_12_1819
CAG_245_sp000435175	CAG_245_sp000435175__TS_ADULT_144
CAG_269_sp000431335	CAG_269_sp000431335__Hadza_MoBio_hadza_E_H_D_4_2182
CAG_269_sp001916065	CAG_269_sp001916065__Hadza_PheChl_Fiber_Hadza_Nepal_C_24_1307
CAG_272_sp000433515	CAG_272_sp000433515__Hadza_MoBio_hadza_E_H_P_7_2143
CAG_273_sp000435755	CAG_273_sp000435755__TS_ADULT_163
CAG_273_sp000437855	CAG_273_sp000437855__Hadza_MoBio_hadza_I_L_B_15_2660
CAG_273_sp003534295	CAG_273_sp003534295__Hadza_MoBio_hadza_A_D_D_21_1577
CAG_302_sp000431795	CAG_302_sp000431795__TS_ADULT_56
CAG_302_sp001916775	CAG_302_sp001916775__Hadza_MoBio_hadza_A_D_E_14_1160
CAG_302_sp900543825	CAG_302_sp900543825__Hadza_MoBio_hadza_E_H_I_3_1743
CAG_302_sp900548425	CAG_302_sp900548425__TS_ADULT_37
CAG_302_sp934162325	CAG_302_sp934162325__Hadza_MoBio_hadza_A_D_L_3_1539
CAG_303_sp900539455	CAG_303_sp900539455__Hadza_PheChl_Fiber_Hadza_Nepal_E_18_1662
CAG_349_sp003539515	CAG_349_sp003539515__Hadza_MoBio_hadza_I_L_D_12_1182
CAG_390_sp900753295	CAG_390_sp900753295__TS_ADULT_176
CAG_390_sp934402395	CAG_390_sp934402395__TS_ADULT_28
CAG_433_sp000433675	CAG_433_sp000433675__TS_ADULT_38
CAG_433_sp019423565	CAG_433_sp019423565__TS_ADULT_88
CAG_433_sp900546245	CAG_433_sp900546245__Hadza_MoBio_C_REDO_E_2_1553
CAG_448_sp003150135	CAG_448_sp003150135__Hadza_MoBio_hadza_A_D_G_8_1096
CAG_452_sp000434035	CAG_452_sp000434035__Hadza_MoBio_hadza_A_D_F_8_1631
CAG_452_sp900770415	CAG_452_sp900770415__Hadza_MoBio_hadza_A_D_E_17_1054
CAG_465_sp000433755	CAG_465_sp000433755__Hadza_MoBio_hadza_A_D_D_16_1621
CAG_475_sp934233745	CAG_475_sp934233745__Hadza_MoBio_hadza_I_L_J_9_1249
CAG_488_sp000434055	CAG_488_sp000434055__TS_ADULT_99
CAG_488_sp000434915	CAG_488_sp000434915__TS_ADULT_113
CAG_488_sp900539465	CAG_488_sp900539465__Hadza_MoBio_hadza_A_D_K_14_1158
CAG_488_sp900554995	CAG_488_sp900554995__Hadza_MoBio_hadza_I_L_M_13_2496
CAG_492_sp000434015	CAG_492_sp000434015__Hadza_MoBio_hadza_E_H_G_19_1739
CAG_510_sp000434615	CAG_510_sp000434615__Hadza_MoBio_hadza_E_H_E_15_1726
CAG_510_sp900550475	CAG_510_sp900550475__Hadza_MoBio_hadza_I_L_B_15_2660
CAG_533_sp000434495	CAG_533_sp000434495__Hadza_MoBio_hadza_E_H_N_19_2137
CAG_533_sp900553855	CAG_533_sp900553855__Hadza_PheChl_Fiber_Hadza_Nepal_A_10_1531
CAG_552_sp000435495	CAG_552_sp000435495__Hadza_PheChl_Fiber_Hadza_Nepal_A_4_1166
CAG_582_sp000435515	CAG_582_sp000435515__Hadza_MoBio_hadza_I_L_K_6_2620
CAG_590_sp000431135	CAG_590_sp000431135__TS_ADULT_29
CAG_605_sp000433475	CAG_605_sp000433475__TS_ADULT_23
CAG_605_sp937926935	CAG_605_sp937926935__Hadza_PheChl_Fiber_Hadza_Nepal_A_8_1525
CAG_611_sp900552235	CAG_611_sp900552235__Hadza_MoBio_hadza_E_H_K_7_1773
CAG_611_sp934098705	CAG_611_sp934098705__Hadza_PheChl_Fiber_Hadza_Nepal_E_4_1526
CAG_628_sp000438415	CAG_628_sp000438415__Hadza_MoBio_hadza_E_H_K_24_1920
CAG_628_sp003524085	CAG_628_sp003524085__TS_ADULT_64
CAG_628_sp934085635	CAG_628_sp934085635__Hadza_MoBio_hadza_A_D_E_14_1160
CAG_632_sp000431515	CAG_632_sp000431515__Hadza_MoBio_hadza_A_D_K_6_1150
CAG_632_sp900539185	CAG_632_sp900539185__TS_ADULT_33
CAG_710_sp000432595	CAG_710_sp000432595__Hadza_MoBio_C_REDO_A_11_1511
CAG_724_sp003524145	CAG_724_sp003524145__Hadza_MoBio_hadza_I_L_D_12_1182
CAG_791_sp000431495	CAG_791_sp000431495__TS_ADULT_135
CAG_826_sp000437235	CAG_826_sp000437235__Hadza_MoBio_hadza_I_L_D_12_1182
CAG_841_sp900544285	CAG_841_sp900544285__Hadza_MoBio_hadza_A_D_I_4_1118
CAG_873_sp001701165	CAG_873_sp001701165__Hadza_MoBio_hadza_I_L_K_7_2482
CAG_877_sp000433455	CAG_877_sp000433455__Hadza_MoBio_hadza_E_H_E_9_1723
CAG_877_sp934167665	CAG_877_sp934167665__Hadza_MoBio_hadza_A_D_A_22_1120
CAG_884_sp000433875	CAG_884_sp000433875__Hadza_PheChl_Fiber_Hadza_Nepal_C_14_2320
CAG_884_sp934179675	CAG_884_sp934179675__Hadza_PheChl_Fiber_Hadza_Nepal_C_12_2317
CAG_914_sp000437895	CAG_914_sp000437895__TS_ADULT_155
CAG_964_sp000435335	CAG_964_sp000435335__Hadza_MoBio_hadza_A_D_G_14_1102
CAJOIG01_sp934597255	CAJOIG01_sp934597255__TS_ADULT_173
CAJUPY01_sp022768005	CAJUPY01_sp022768005__TS_ADULT_24
CAKPEZ01_sp934149465	CAKPEZ01_sp934149465__TS_ADULT_21
CAKRZE01_sp934432725	CAKRZE01_sp934432725__TS_ADULT_147
CAKSCM01_sp934444365	CAKSCM01_sp934444365__Hadza_MoBio_C_REDO_E_12_1563
CAKSFT01_sp934444735	CAKSFT01_sp934444735__Hadza_PheChl_Fiber_Hadza_Nepal_E_18_1662
CAKSFT01_sp934454145	CAKSFT01_sp934454145__Hadza_PheChl_Fiber_Hadza_Nepal_E_6_1527
CAKSHC01_sp934456365	CAKSHC01_sp934456365__TS_ADULT_26
CAKSKB01_sp934464705	CAKSKB01_sp934464705__Hadza_MoBio_hadza_E_H_K_1_1770
CAKTOF01_sp934589675	CAKTOF01_sp934589675__Hadza_PheChl_Fiber_Hadza_Nepal_C_6_2233
CAKUFA01_sp934647165	CAKUFA01_sp934647165__TS_ADULT_143
CAKUZL01_sp934718085	CAKUZL01_sp934718085__Hadza_MoBio_hadza_E_H_E_15_1726
CAKVON01_sp934792625	CAKVON01_sp934792625__TS_ADULT_175
CALCLY01_sp900552775	CALCLY01_sp900552775__TS_ADULT_18
Campylobacter_D_sp900539255	Campylobacter_D_sp900539255__Hadza_MoBio_hadza_E_H_I_3_1743
Campylobacter_infans	Campylobacter_infans__Hadza_MoBio_hadza_E_H_P_23_2151
Catenibacterium_sp900540685	Catenibacterium_sp900540685__TS_ADULT_154
Catenibacterium_sp900764565	Catenibacterium_sp900764565__Hadza_MoBio_hadza_E_H_D_4_2182
CAZU01_sp934271465	CAZU01_sp934271465__TS_ADULT_162
Choladousia_sp902363135	Choladousia_sp902363135__Hadza_PheChl_Fiber_Hadza_Nepal_E_16_1654
Choladousia_sp902363665	Choladousia_sp902363665__Hadza_MoBio_hadza_E_H_G_9_1735
Clostridium_lentum	Clostridium_lentum__Hadza_PheChl_Fiber_Hadza_Nepal_C_6_2233
Clostridium_sp000435835	Clostridium_sp000435835__Hadza_MoBio_hadza_E_H_K_12_1914
Clostridium_sp900540255	Clostridium_sp900540255__Hadza_MoBio_C_REDO_E_12_1563
COE1_sp001916965	COE1_sp001916965__Hadza_MoBio_hadza_E_H_P_23_2151
COE1_sp900753305	COE1_sp900753305__Hadza_MoBio_hadza_A_D_F_22_1638
Coprococcus_A_catus	Coprococcus_A_catus__Hadza_PheChl_Fiber_Hadza_Nepal_E_18_1662
Coprococcus_A_catus_A	Coprococcus_A_catus_A__TS_ADULT_77
Coprococcus_aceti	Coprococcus_aceti__Hadza_MoBio_hadza_E_H_P_23_2151
Coprococcus_ammoniilyticus	Coprococcus_ammoniilyticus__Hadza_MoBio_hadza_E_H_N_16_2338
Coprococcus_eutactus	Coprococcus_eutactus__Hadza_MoBio_hadza_E_H_G_9_1735
Coprococcus_sp000433075	Coprococcus_sp000433075__Hadza_MoBio_hadza_I_L_G_7_2399
Coprococcus_sp934247115	Coprococcus_sp934247115__TS_ADULT_144
Cryptobacteroides_sp000431015	Cryptobacteroides_sp000431015__TS_ADULT_149
Cryptobacteroides_sp000432515	Cryptobacteroides_sp000432515__Hadza_MoBio_hadza_I_L_K_18_2626
Cryptobacteroides_sp000432655	Cryptobacteroides_sp000432655__Hadza_MoBio_hadza_E_H_H_22_2297
Cryptobacteroides_sp000433355	Cryptobacteroides_sp000433355__Hadza_MoBio_hadza_E_H_H_14_2281
Cryptobacteroides_sp000434935	Cryptobacteroides_sp000434935__Hadza_MoBio_hadza_A_D_H_22_1650
Cryptobacteroides_sp000435075	Cryptobacteroides_sp000435075__Hadza_MoBio_hadza_E_H_F_20_2245
Cryptobacteroides_sp900541925	Cryptobacteroides_sp900541925__Hadza_MoBio_hadza_A_D_E_6_1152
Cryptobacteroides_sp900544195	Cryptobacteroides_sp900544195__Hadza_MoBio_hadza_A_D_D_1_1586
Cryptobacteroides_sp900545245	Cryptobacteroides_sp900545245__Hadza_MoBio_hadza_A_D_H_24_1651
Cryptobacteroides_sp900546445	Cryptobacteroides_sp900546445__Hadza_MoBio_hadza_A_D_D_1_1586
Cryptobacteroides_sp900546925	Cryptobacteroides_sp900546925__Hadza_MoBio_hadza_I_L_E_21_2379
Desulfovibrio_sp900556755	Desulfovibrio_sp900556755__Hadza_MoBio_hadza_E_H_B_9_1942
Dialister_sp000434475	Dialister_sp000434475__Hadza_MoBio_hadza_A_D_K_19_1040
Dorea_A_amylophila	Dorea_A_amylophila__Hadza_MoBio_hadza_E_H_B_8_2155
Dorea_A_longicatena	Dorea_A_longicatena__TS_ADULT_30
Dorea_formicigenerans	Dorea_formicigenerans__Hadza_MoBio_C_REDO_C_5_1529
Duodenibacillus_sp900544255	Duodenibacillus_sp900544255__Hadza_MoBio_hadza_E_H_J_6_2308
Dysosmobacter_segnis	Dysosmobacter_segnis__Hadza_MoBio_hadza_A_D_E_17_1054
Dysosmobacter_sp004553545	Dysosmobacter_sp004553545__Hadza_MoBio_hadza_A_D_J_19_1543
Dysosmobacter_sp900544615	Dysosmobacter_sp900544615__Hadza_MoBio_hadza_E_H_J_18_2314
Dysosmobacter_sp900763685	Dysosmobacter_sp900763685__TS_ADULT_164
Egerieenecus_sp900553315	Egerieenecus_sp900553315__TS_ADULT_112
Egerieousia_sp900544815	Egerieousia_sp900544815__Hadza_MoBio_hadza_A_D_E_14_1160
Enterenecus_sp934667095	Enterenecus_sp934667095__Hadza_MoBio_hadza_E_H_F_21_1974
Enterococcus_B_hirae	Enterococcus_B_hirae__Hadza_MoBio_hadza_E_H_E_4_1847
Enterococcus_B_lactis	Enterococcus_B_lactis__TS_ADULT_41
Enterousia_sp900549365	Enterousia_sp900549365__TS_ADULT_150
Enterousia_sp900550565	Enterousia_sp900550565__Hadza_MoBio_hadza_A_D_O_4_1196
Escherichia_coli	Escherichia_coli__Hadza_MoBio_hadza_E_H_A_17_1704
Eubacterium_F_sp003491505	Eubacterium_F_sp003491505__Hadza_MoBio_hadza_E_H_B_8_2155
Eubacterium_R_coprostanoligenes	Eubacterium_R_coprostanoligenes__Hadza_MoBio_hadza_E_H_F_21_1974
Eubacterium_R_sp000433975	Eubacterium_R_sp000433975__Hadza_PheChl_Fiber_Hadza_Nepal_C_6_2233
Eubacterium_R_sp000434995	Eubacterium_R_sp000434995__Hadza_MoBio_hadza_I_L_F_16_1210
Eubacterium_R_sp000436835	Eubacterium_R_sp000436835__Hadza_MoBio_hadza_A_D_K_19_1040
Eubacterium_R_sp003526845	Eubacterium_R_sp003526845__Hadza_MoBio_C_REDO_E_12_1563
Eubacterium_R_sp900539325	Eubacterium_R_sp900539325__Hadza_MoBio_hadza_A_D_P_17_1504
Eubacterium_R_sp900540235	Eubacterium_R_sp900540235__Hadza_PheChl_Fiber_Hadza_Nepal_E_16_1654
Eubacterium_R_sp900542875	Eubacterium_R_sp900542875__TS_ADULT_35
Eubacterium_R_sp900548085	Eubacterium_R_sp900548085__Hadza_MoBio_hadza_E_H_J_6_2308
Evtepia_sp004556345	Evtepia_sp004556345__Hadza_PheChl_Fiber_Hadza_Nepal_C_20_1180
Evtepia_sp934567745	Evtepia_sp934567745__TS_ADULT_173
F23_B02_sp003533405	F23_B02_sp003533405__Hadza_MoBio_hadza_I_L_K_14_2624
F23_B02_sp900545805	F23_B02_sp900545805__Hadza_PheChl_Fiber_Hadza_Nepal_C_20_1180
F23_B02_sp900556535	F23_B02_sp900556535__Hadza_MoBio_hadza_A_D_D_1_1586
Faecalibacillus_faecis	Faecalibacillus_faecis__TS_ADULT_154
Faecalibacillus_intestinalis	Faecalibacillus_intestinalis__TS_ADULT_95
Faecalibacterium_duncaniae	Faecalibacterium_duncaniae__Hadza_MoBio_C_REDO_A_8_1508
Faecalibacterium_hattorii	Faecalibacterium_hattorii__TS_ADULT_100
Faecalibacterium_longum	Faecalibacterium_longum__Hadza_MoBio_hadza_E_H_E_12_1851
Faecalibacterium_prausnitzii	Faecalibacterium_prausnitzii__Hadza_MoBio_hadza_A_D_K_19_1040
Faecalibacterium_prausnitzii_E	Faecalibacterium_prausnitzii_E__Hadza_PheChl_Fiber_Hadza_Nepal_E_14_1557
Faecalibacterium_prausnitzii_F	Faecalibacterium_prausnitzii_F__TS_ADULT_49
Faecalibacterium_prausnitzii_I	Faecalibacterium_prausnitzii_I__Hadza_MoBio_hadza_E_H_A_15_1703
Faecalibacterium_prausnitzii_M	Faecalibacterium_prausnitzii_M__Hadza_MoBio_hadza_E_H_B_22_2177
Faecalibacterium_sp014858325	Faecalibacterium_sp014858325__TS_ADULT_33
Faecalibacterium_sp900539945	Faecalibacterium_sp900539945__Hadza_MoBio_hadza_E_H_E_13_1725
Faecalibacterium_sp900551435	Faecalibacterium_sp900551435__TS_ADULT_32
Faecalibacterium_sp900758465	Faecalibacterium_sp900758465__Hadza_MoBio_hadza_A_D_H_22_1650
Faecalibacterium_sp934514285	Faecalibacterium_sp934514285__Hadza_MoBio_hadza_E_H_J_18_2314
Faecalibacterium_sp934533135	Faecalibacterium_sp934533135__Hadza_PheChl_Fiber_Hadza_Nepal_C_4_2225
Faecalibacterium_sp934547065	Faecalibacterium_sp934547065__TS_ADULT_106
Faecalibacterium_sp934548045	Faecalibacterium_sp934548045__Hadza_MoBio_hadza_A_D_H_5_1561
Faecalibacterium_sp934553285	Faecalibacterium_sp934553285__TS_ADULT_164
Faecisoma_sp000432255	Faecisoma_sp000432255__TS_ADULT_172
Faecivicinus_sp900553265	Faecivicinus_sp900553265__Hadza_MoBio_hadza_E_H_K_7_1773
Faecivicinus_sp900759005	Faecivicinus_sp900759005__TS_ADULT_166
Faecousia_sp000434635	Faecousia_sp000434635__TS_ADULT_141
Faecousia_sp003525905	Faecousia_sp003525905__Hadza_MoBio_hadza_I_L_O_11_2507
Faecousia_sp018918045	Faecousia_sp018918045__TS_ADULT_43
Faecousia_sp900540635	Faecousia_sp900540635__Hadza_MoBio_hadza_A_D_G_8_1096
Faecousia_sp900544405	Faecousia_sp900544405__TS_ADULT_54
Faecousia_sp900544945	Faecousia_sp900544945__Hadza_MoBio_hadza_I_L_B_22_1164
Faecousia_sp900546075	Faecousia_sp900546075__Hadza_MoBio_hadza_I_L_O_2_2674
Faecousia_sp900546415	Faecousia_sp900546415__Hadza_MoBio_hadza_E_H_E_17_1727
Faecousia_sp900547405	Faecousia_sp900547405__Hadza_MoBio_hadza_I_L_I_4_2616
Faecousia_sp900549495	Faecousia_sp900549495__Hadza_MoBio_C_REDO_A_9_1509
Faecousia_sp900549705	Faecousia_sp900549705__TS_ADULT_134
Faecousia_sp900553805	Faecousia_sp900553805__Hadza_MoBio_hadza_E_H_D_24_2201
Faecousia_sp900554705	Faecousia_sp900554705__Hadza_MoBio_C_REDO_D_2_1542
Faecousia_sp900752285	Faecousia_sp900752285__Hadza_MoBio_hadza_I_L_I_19_2477
Faecousia_sp900763965	Faecousia_sp900763965__Hadza_MoBio_hadza_A_D_M_24_1194
Faecousia_sp905188045	Faecousia_sp905188045__Hadza_MoBio_hadza_E_H_P_21_2150
Faecousia_sp934589525	Faecousia_sp934589525__Hadza_MoBio_hadza_A_D_A_4_1104
Faecousia_sp934589705	Faecousia_sp934589705__TS_ADULT_19
Faecousia_sp934591845	Faecousia_sp934591845__Hadza_MoBio_hadza_I_L_M_10_2632
Faecousia_sp934667815	Faecousia_sp934667815__Hadza_MoBio_hadza_E_H_P_7_2143
Faecousia_sp945963595	Faecousia_sp945963595__TS_ADULT_54
Fimadaptatus_sp900553645	Fimadaptatus_sp900553645__TS_ADULT_113
Fimenecus_sp000432435	Fimenecus_sp000432435__Hadza_MoBio_hadza_E_H_L_18_2327
Fimenecus_sp004556705	Fimenecus_sp004556705__TS_ADULT_88
Fimenecus_sp934436505	Fimenecus_sp934436505__Hadza_MoBio_hadza_I_L_M_10_2632
Firm_10_sp934636425	Firm_10_sp934636425__TS_ADULT_162
Fusicatenibacter_saccharivorans	Fusicatenibacter_saccharivorans__Hadza_MoBio_hadza_E_H_G_19_1739
Fusicatenibacter_sp900772675	Fusicatenibacter_sp900772675__TS_ADULT_50
Gallintestinimicrobium_propionicum	Gallintestinimicrobium_propionicum__TS_ADULT_24
Gallispira_sp900551755	Gallispira_sp900551755__Hadza_PheChl_Fiber_Hadza_Nepal_I_10_1184
Geddesella_sp934501435	Geddesella_sp934501435__Hadza_MoBio_hadza_A_D_H_2_1640
Gemmiger_formicilis	Gemmiger_formicilis__Hadza_MoBio_hadza_E_H_B_9_1942
Gemmiger_qucibialis	Gemmiger_qucibialis__Hadza_PheChl_Fiber_Hadza_Nepal_C_16_2355
Gemmiger_sp900539695	Gemmiger_sp900539695__TS_ADULT_67
Gemmiger_sp900540595	Gemmiger_sp900540595__Hadza_MoBio_hadza_A_D_K_19_1040
Gemmiger_sp900540775	Gemmiger_sp900540775__Hadza_MoBio_hadza_I_L_K_9_2483
Gemmiger_sp900772715	Gemmiger_sp900772715__Hadza_MoBio_hadza_A_D_D_14_1620
Gemmiger_sp934502625	Gemmiger_sp934502625__Hadza_PheChl_Fiber_Hadza_Nepal_A_16_1650
Gemmiger_variabilis_B	Gemmiger_variabilis_B__Hadza_MoBio_hadza_A_D_F_2_1628
HGM10818_sp900772445	HGM10818_sp900772445__Hadza_PheChl_Fiber_Hadza_Nepal_A_14_1640
HGM10818_sp905211265	HGM10818_sp905211265__TS_ADULT_154
HGM10857_sp900557305	HGM10857_sp900557305__TS_ADULT_127
HGM11501_sp900766735	HGM11501_sp900766735__Hadza_MoBio_hadza_E_H_E_1_1719
HGM11525_sp900770405	HGM11525_sp900770405__Hadza_MoBio_C_REDO_E_12_1563
HGM12814_sp900770165	HGM12814_sp900770165__TS_ADULT_36
HGM13006_sp900756575	HGM13006_sp900756575__Hadza_MoBio_hadza_I_L_M_13_2496
HGM13006_sp905202605	HGM13006_sp905202605__Hadza_PheChl_Fiber_Hadza_Nepal_A_10_1531
HGM13006_sp934512135	HGM13006_sp934512135__Hadza_PheChl_Fiber_Hadza_Nepal_E_12_1556
HGM13010_sp905214605	HGM13010_sp905214605__Hadza_MoBio_hadza_A_D_F_22_1638
HGM13233_sp900762805	HGM13233_sp900762805__TS_ADULT_161
HGM13618_sp900753975	HGM13618_sp900753975__Hadza_MoBio_hadza_A_D_G_6_1094
Holdemanella_biformis	Holdemanella_biformis__Hadza_MoBio_hadza_E_H_H_11_1999
Holdemanella_sp900547815	Holdemanella_sp900547815__Hadza_MoBio_C_REDO_A_8_1508
Holdemanella_sp934772795	Holdemanella_sp934772795__TS_ADULT_15
Hominenteromicrobium_mulieris	Hominenteromicrobium_mulieris__Hadza_PheChl_Fiber_Hadza_Nepal_A_16_1650
Hominicoprocola_fusiformis	Hominicoprocola_fusiformis__TS_ADULT_29
Hominicoprocola_sp003522105	Hominicoprocola_sp003522105__Hadza_MoBio_hadza_A_D_E_17_1054
Hominicoprocola_sp900317525	Hominicoprocola_sp900317525__Hadza_MoBio_hadza_E_H_M_22_1922
Hominicoprocola_sp900546295	Hominicoprocola_sp900546295__TS_ADULT_166
Hominicoprocola_sp900556145	Hominicoprocola_sp900556145__Hadza_MoBio_hadza_A_D_K_12_1156
Hominicoprocola_sp900768135	Hominicoprocola_sp900768135__Hadza_PheChl_Fiber_Hadza_Nepal_A_6_1188
Hominilimicola_fabiformis	Hominilimicola_fabiformis__TS_ADULT_39
Hominimerdicola_sp934435205	Hominimerdicola_sp934435205__Hadza_MoBio_hadza_A_D_H_22_1650
Hominisplanchenecus_faecis	Hominisplanchenecus_faecis__Hadza_MoBio_hadza_A_D_G_14_1102
Huintestinicola_butyrica	Huintestinicola_butyrica__Hadza_MoBio_hadza_E_H_K_13_1776
Huintestinicola_sp900768995	Huintestinicola_sp900768995__Hadza_MoBio_hadza_I_L_M_10_2632
JAGTTR01_sp018223385	JAGTTR01_sp018223385__TS_ADULT_165
Jutongia_sp934351255	Jutongia_sp934351255__Hadza_MoBio_hadza_I_L_O_20_2642
Klebsiella_pneumoniae	Klebsiella_pneumoniae__Hadza_MoBio_hadza_A_D_E_17_1054
Lachnoclostridium_B_ammoniilytica	Lachnoclostridium_B_ammoniilytica__TS_ADULT_164
Lachnospira_eligens_A	Lachnospira_eligens_A__TS_ADULT_6
Lachnospira_pectinoschiza_A	Lachnospira_pectinoschiza_A__Hadza_MoBio_hadza_E_H_J_18_2314
Lachnospira_sp000436475	Lachnospira_sp000436475__Hadza_MoBio_hadza_E_H_A_15_1703
Lachnospira_sp003451515	Lachnospira_sp003451515__Hadza_MoBio_hadza_E_H_D_18_2193
Lachnospira_sp003537285	Lachnospira_sp003537285__TS_ADULT_18
Lachnospira_sp900545725	Lachnospira_sp900545725__TS_ADULT_56
Lachnospira_sp900547255	Lachnospira_sp900547255__TS_ADULT_23
Lawsonibacter_sp905215425	Lawsonibacter_sp905215425__TS_ADULT_15
Lawsonibacter_sp934659475	Lawsonibacter_sp934659475__TS_ADULT_105
Lentihominibacter_butyrica	Lentihominibacter_butyrica__Hadza_PheChl_Fiber_Hadza_Nepal_I_16_1564
Lentihominibacter_faecis	Lentihominibacter_faecis__Hadza_MoBio_hadza_E_H_P_9_2144
Lentihominibacter_sp905193765	Lentihominibacter_sp905193765__TS_ADULT_173
Lientehia_sp934351765	Lientehia_sp934351765__TS_ADULT_151
Ligilactobacillus_ruminis	Ligilactobacillus_ruminis__Hadza_MoBio_hadza_E_H_I_3_1743
Limiplasma_sp004556545	Limiplasma_sp004556545__Hadza_MoBio_hadza_I_L_K_9_2483
Limiplasma_sp900548145	Limiplasma_sp900548145__Hadza_MoBio_hadza_A_D_P_17_1504
Limiplasma_sp934621485	Limiplasma_sp934621485__TS_ADULT_173
Limiplasma_sp934621505	Limiplasma_sp934621505__TS_ADULT_149
Limiplasma_sp934643535	Limiplasma_sp934643535__Hadza_MoBio_C_REDO_G_11_1585
Limisoma_sp000437795	Limisoma_sp000437795__Hadza_MoBio_hadza_E_H_N_6_2333
Limivicinus_sp003150355	Limivicinus_sp003150355__Hadza_MoBio_hadza_A_D_J_23_1541
Limivicinus_sp900546515	Limivicinus_sp900546515__Hadza_MoBio_hadza_E_H_G_15_1738
Limivicinus_sp900547315	Limivicinus_sp900547315__Hadza_MoBio_hadza_I_L_M_1_2491
Limivicinus_sp900549485	Limivicinus_sp900549485__Hadza_MoBio_hadza_E_H_G_5_1733
Limivicinus_sp900549865	Limivicinus_sp900549865__Hadza_MoBio_hadza_E_H_K_13_1776
Limivicinus_sp934572335	Limivicinus_sp934572335__Hadza_PheChl_Fiber_Hadza_Nepal_A_6_1188
Limivicinus_sp934573735	Limivicinus_sp934573735__Hadza_MoBio_hadza_A_D_L_11_1531
Limivicinus_sp934573855	Limivicinus_sp934573855__Hadza_PheChl_Fiber_Hadza_Nepal_C_20_1180
Limivicinus_sp934591725	Limivicinus_sp934591725__Hadza_MoBio_hadza_I_L_I_19_2477
Limivivens_sp934393555	Limivivens_sp934393555__Hadza_PheChl_Fiber_Hadza_Nepal_E_8_1528
Mediterraneibacter_A_sp934418295	Mediterraneibacter_A_sp934418295__Hadza_PheChl_Fiber_Hadza_Nepal_E_12_1556
Mediterraneibacter_faecis	Mediterraneibacter_faecis__Hadza_MoBio_hadza_E_H_E_1_1719
Mediterraneibacter_sp934309345	Mediterraneibacter_sp934309345__Hadza_MoBio_hadza_E_H_G_21_1740
Megasphaera_sp934193515	Megasphaera_sp934193515__TS_ADULT_177
Merdivicinus_sp900555435	Merdivicinus_sp900555435__TS_ADULT_54
Methanobrevibacter_A_smithii	Methanobrevibacter_A_smithii__Hadza_MoBio_hadza_E_H_E_17_1727
Methanosphaera_stadtmanae	Methanosphaera_stadtmanae__Hadza_MoBio_hadza_E_H_A_12_1819
Muricoprocola_aceti	Muricoprocola_aceti__Hadza_MoBio_hadza_I_L_K_16_2625
Negativibacillus_sp900547015	Negativibacillus_sp900547015__TS_ADULT_54
Neoclostridium_sp900555125	Neoclostridium_sp900555125__Hadza_MoBio_hadza_E_H_N_4_2332
Oliverpabstia_faecicola	Oliverpabstia_faecicola__Hadza_MoBio_hadza_E_H_E_13_1725
Oliverpabstia_sp934359255	Oliverpabstia_sp934359255__Hadza_MoBio_hadza_E_H_G_7_1734
Onthocola_B_sp000437355	Onthocola_B_sp000437355__Hadza_MoBio_hadza_E_H_P_7_2143
Onthocola_B_sp900551525	Onthocola_B_sp900551525__TS_ADULT_6
Onthocola_B_sp934096035	Onthocola_B_sp934096035__Hadza_MoBio_hadza_I_L_B_20_1162
Onthomonas_sp900545815	Onthomonas_sp900545815__TS_ADULT_170
Onthomonas_sp900752305	Onthomonas_sp900752305__Hadza_PheChl_Fiber_Hadza_Nepal_A_12_1545
Onthomorpha_sp900546465	Onthomorpha_sp900546465__Hadza_MoBio_hadza_I_L_I_15_2475
Onthousia_sp000438295	Onthousia_sp000438295__TS_ADULT_2
Oribacterium_sp900770445	Oribacterium_sp900770445__Hadza_MoBio_hadza_E_H_D_24_2201
Oscillibacter_sp934574045	Oscillibacter_sp934574045__Hadza_MoBio_hadza_I_L_M_13_2496
Otoolea_fessa	Otoolea_fessa__TS_ADULT_123
Oxalobacter_aliiformigenes	Oxalobacter_aliiformigenes__TS_ADULT_14
Parabacteroides_sp900549585	Parabacteroides_sp900549585__TS_ADULT_36
Parabacteroides_sp934718155	Parabacteroides_sp934718155__Hadza_MoBio_hadza_A_D_O_4_1196
Parabacteroides_sp934725305	Parabacteroides_sp934725305__TS_ADULT_159
Paratractidigestivibacter_faecalis	Paratractidigestivibacter_faecalis__Hadza_MoBio_hadza_E_H_E_15_1726
PeH17_sp000435055	PeH17_sp000435055__Hadza_MoBio_hadza_E_H_P_21_2150
Petralouisia_sp012519695	Petralouisia_sp012519695__Hadza_MoBio_hadza_A_D_D_16_1621
Phascolarctobacterium_A_sp900551335	Phascolarctobacterium_A_sp900551335__Hadza_PheChl_Fiber_Hadza_Nepal_C_16_2355
Phascolarctobacterium_A_succinatutens_B	Phascolarctobacterium_A_succinatutens_B__Hadza_MoBio_hadza_A_D_E_14_1160
Phil1_sp001940855	Phil1_sp001940855__TS_ADULT_178
Phocaeicola_sp000434735	Phocaeicola_sp000434735__Hadza_MoBio_hadza_A_D_O_4_1196
Phocaeicola_vulgatus	Phocaeicola_vulgatus__Hadza_MoBio_hadza_A_D_G_8_1096
Porcipelethomonas_sp900554975	Porcipelethomonas_sp900554975__TS_ADULT_2
Prevotella_copri_A	Prevotella_copri_A__Hadza_MoBio_hadza_E_H_C_4_1831
Prevotella_faecis	Prevotella_faecis__Hadza_MoBio_hadza_I_L_B_5_2673
Prevotella_hominis	Prevotella_hominis__Hadza_MoBio_hadza_A_D_F_1_1575
Prevotella_merdae	Prevotella_merdae__Hadza_MoBio_hadza_A_D_F_4_1629
Prevotella_pectinovora	Prevotella_pectinovora__Hadza_MoBio_hadza_A_D_B_1_1600
Prevotella_sp000434975	Prevotella_sp000434975__Hadza_MoBio_hadza_E_H_J_6_2308
Prevotella_sp000436035	Prevotella_sp000436035__Hadza_MoBio_hadza_E_H_J_2_2306
Prevotella_sp000436915	Prevotella_sp000436915__TS_ADULT_35
Prevotella_sp002251385	Prevotella_sp002251385__Hadza_MoBio_hadza_I_L_I_4_2616
Prevotella_sp002265625	Prevotella_sp002265625__Hadza_MoBio_hadza_A_D_D_21_1577
Prevotella_sp002299635	Prevotella_sp002299635__Hadza_MoBio_hadza_E_H_L_18_2327
Prevotella_sp003447235	Prevotella_sp003447235__Hadza_MoBio_hadza_E_H_F_6_2213
Prevotella_sp900313215	Prevotella_sp900313215__Hadza_MoBio_hadza_I_L_O_21_2512
Prevotella_sp900543975	Prevotella_sp900543975__Hadza_MoBio_hadza_E_H_L_18_2327
Prevotella_sp900546535	Prevotella_sp900546535__TS_ADULT_32
Prevotella_sp900548195	Prevotella_sp900548195__Hadza_MoBio_hadza_I_L_K_14_2624
Prevotella_sp900548745	Prevotella_sp900548745__Hadza_MoBio_hadza_I_L_F_5_2654
Prevotella_sp900552515	Prevotella_sp900552515__Hadza_MoBio_hadza_I_L_M_10_2632
Prevotella_sp900552675	Prevotella_sp900552675__Hadza_MoBio_hadza_A_D_A_10_1110
Prevotella_sp900553595	Prevotella_sp900553595__Hadza_MoBio_hadza_I_L_I_4_2616
Prevotella_sp900554835	Prevotella_sp900554835__TS_ADULT_24
Prevotella_sp900556395	Prevotella_sp900556395__Hadza_PheChl_Fiber_Hadza_Nepal_C_14_2320
Prevotella_sp900556795	Prevotella_sp900556795__TS_ADULT_70
Prevotella_stercorea	Prevotella_stercorea__Hadza_MoBio_hadza_A_D_G_8_1096
Pseudoruminococcus_massiliensis	Pseudoruminococcus_massiliensis__Hadza_MoBio_hadza_E_H_K_13_1776
QAMX01_sp004555605	QAMX01_sp004555605__Hadza_MoBio_hadza_A_D_G_6_1094
Qingrenia_sp022009895	Qingrenia_sp022009895__TS_ADULT_143
RF16_sp900556095	RF16_sp900556095__Hadza_MoBio_hadza_I_L_O_11_2507
RF16_sp934667275	RF16_sp934667275__Hadza_PheChl_Fiber_Hadza_Nepal_C_20_1180
RGIG2206_sp934486615	RGIG2206_sp934486615__TS_ADULT_99
RGIG3102_sp934526065	RGIG3102_sp934526065__Hadza_MoBio_hadza_E_H_A_20_1823
RGIG4708_sp934454585	RGIG4708_sp934454585__Hadza_MoBio_hadza_I_L_I_15_2475
RGIG7332_sp934646115	RGIG7332_sp934646115__TS_ADULT_165
RGIG8748_sp934500705	RGIG8748_sp934500705__Hadza_MoBio_hadza_A_D_H_2_1640
RGIG9107_sp934613185	RGIG9107_sp934613185__TS_ADULT_106
RGIG9115_sp934486495	RGIG9115_sp934486495__TS_ADULT_49
Romboutsia_timonensis	Romboutsia_timonensis__Hadza_PheChl_Fiber_Hadza_Nepal_C_12_2317
Roseburia_A_sp934364805	Roseburia_A_sp934364805__Hadza_MoBio_hadza_A_D_D_19_1578
Roseburia_C_amylophila	Roseburia_C_amylophila__TS_ADULT_57
Roseburia_D_sp900771955	Roseburia_D_sp900771955__Hadza_MoBio_hadza_I_L_M_13_2496
Roseburia_D_yibonii	Roseburia_D_yibonii__TS_ADULT_101
Roseburia_hominis	Roseburia_hominis__Hadza_MoBio_hadza_E_H_J_6_2308
Roseburia_inulinivorans	Roseburia_inulinivorans__Hadza_MoBio_hadza_E_H_J_6_2308
Roseburia_sp003483745	Roseburia_sp003483745__Hadza_PheChl_Fiber_Hadza_Nepal_C_24_1307
Roseburia_sp900550935	Roseburia_sp900550935__TS_ADULT_14
Roseburia_sp934309475	Roseburia_sp934309475__TS_ADULT_167
RQCD01_sp008668455	RQCD01_sp008668455__TS_ADULT_173
Ructibacterium_sp900550775	Ructibacterium_sp900550775__TS_ADULT_119
Ructibacterium_sp905205855	Ructibacterium_sp905205855__Hadza_PheChl_Fiber_Hadza_Nepal_A_10_1531
Ructibacterium_sp934454115	Ructibacterium_sp934454115__Hadza_MoBio_C_REDO_C_9_1537
RUG099_sp934255135	RUG099_sp934255135__TS_ADULT_178
RUG11142_sp902766215	RUG11142_sp902766215__Hadza_MoBio_hadza_I_L_K_9_2483
RUG11198_sp934148535	RUG11198_sp934148535__TS_ADULT_127
RUG11247_sp902767315	RUG11247_sp902767315__TS_ADULT_64
RUG410_sp900553115	RUG410_sp900553115__Hadza_MoBio_hadza_E_H_K_12_1914
RUG410_sp900769705	RUG410_sp900769705__Hadza_MoBio_hadza_I_L_M_10_2632
RUG410_sp934254675	RUG410_sp934254675__Hadza_MoBio_hadza_A_D_A_14_1114
RUG410_sp934271715	RUG410_sp934271715__Hadza_MoBio_hadza_E_H_F_22_2249
RUG472_sp900545265	RUG472_sp900545265__TS_ADULT_119
RUG563_sp934630705	RUG563_sp934630705__TS_ADULT_107
RUG563_sp934632155	RUG563_sp934632155__TS_ADULT_155
RUG563_sp934667105	RUG563_sp934667105__Hadza_MoBio_hadza_E_H_K_13_1776
RUG572_sp900547945	RUG572_sp900547945__Hadza_MoBio_hadza_I_L_F_16_1210
RUG705_sp900759875	RUG705_sp900759875__TS_ADULT_136
RUG806_sp016297645	RUG806_sp016297645__Hadza_MoBio_hadza_A_D_F_8_1631
RUG806_sp900313475	RUG806_sp900313475__Hadza_MoBio_C_REDO_F_3_1566
Ruminiclostridium_E_siraeum	Ruminiclostridium_E_siraeum__Hadza_MoBio_hadza_I_L_P_16_2361
Ruminococcus_C_callidus	Ruminococcus_C_callidus__Hadza_MoBio_hadza_I_L_I_4_2616
Ruminococcus_C_sp000433635	Ruminococcus_C_sp000433635__Hadza_MoBio_hadza_I_L_M_24_2678
Ruminococcus_C_sp000437175	Ruminococcus_C_sp000437175__Hadza_MoBio_hadza_A_D_B_4_1602
Ruminococcus_C_sp000437255	Ruminococcus_C_sp000437255__Hadza_MoBio_hadza_E_H_G_7_1734
Ruminococcus_C_sp000980705	Ruminococcus_C_sp000980705__Hadza_MoBio_hadza_E_H_K_14_1915
Ruminococcus_C_sp900545285	Ruminococcus_C_sp900545285__Hadza_MoBio_hadza_E_H_J_6_2308
Ruminococcus_C_sp900770195	Ruminococcus_C_sp900770195__Hadza_MoBio_hadza_E_H_K_24_1920
Ruminococcus_E_bromii_B	Ruminococcus_E_bromii_B__Hadza_MoBio_hadza_E_H_P_3_2141
Ruminococcus_E_intestinalis	Ruminococcus_E_intestinalis__Hadza_MoBio_hadza_A_D_H_2_1640
Ruminococcus_E_sp934476515	Ruminococcus_E_sp934476515__Hadza_MoBio_hadza_E_H_E_23_1730
Ruminococcus_F_champanellensis	Ruminococcus_F_champanellensis__Hadza_PheChl_Fiber_Hadza_Nepal_E_2_1315
Ruminococcus_sp900540005	Ruminococcus_sp900540005__Hadza_PheChl_Fiber_Hadza_Nepal_E_12_1556
Sarcina_ventriculi	Sarcina_ventriculi__Hadza_PheChl_Fiber_Hadza_Nepal_E_12_1556
Scatousia_sp900321895	Scatousia_sp900321895__Hadza_MoBio_hadza_I_L_K_6_2620
Scybalousia_sp900542735	Scybalousia_sp900542735__Hadza_MoBio_hadza_E_H_E_4_1847
Selenomonas_A_sp900769615	Selenomonas_A_sp900769615__Hadza_MoBio_hadza_E_H_J_18_2314
Senegalimassilia_sp934630815	Senegalimassilia_sp934630815__TS_ADULT_146
SFEL01_sp004557245	SFEL01_sp004557245__Hadza_PheChl_Fiber_Hadza_Nepal_C_16_2355
SFHK01_sp004556395	SFHK01_sp004556395__Hadza_MoBio_hadza_A_D_E_23_1060
SFIE01_sp004555405	SFIE01_sp004555405__Hadza_MoBio_hadza_A_D_O_4_1196
SFJ001_sp934513685	SFJ001_sp934513685__Hadza_MoBio_hadza_I_L_G_18_2610
SFMI01_sp004556155	SFMI01_sp004556155__TS_ADULT_67
SFTH01_sp934663625	SFTH01_sp934663625__Hadza_PheChl_Fiber_Hadza_Nepal_C_6_2233
SFTH01_sp934670175	SFTH01_sp934670175__TS_ADULT_173
SIG438_sp934489915	SIG438_sp934489915__TS_ADULT_158
SIG578_sp934488695	SIG578_sp934488695__TS_ADULT_178
Slackia_isoflavoniconvertens	Slackia_isoflavoniconvertens__TS_ADULT_17
Sodaliphilus_sp004557565	Sodaliphilus_sp004557565__Hadza_MoBio_hadza_E_H_B_9_1942
Spyradocola_sp905193155	Spyradocola_sp905193155__Hadza_PheChl_Fiber_Hadza_Nepal_E_2_1315
Stercorousia_sp001765415	Stercorousia_sp001765415__Hadza_MoBio_hadza_E_H_J_6_2308
Stercorousia_sp900556295	Stercorousia_sp900556295__Hadza_MoBio_C_REDO_E_2_1553
Stercorousia_sp934691935	Stercorousia_sp934691935__Hadza_MoBio_hadza_A_D_C_6_1128
Streptococcus_infantarius	Streptococcus_infantarius__TS_ADULT_144
Streptococcus_lutetiensis	Streptococcus_lutetiensis__TS_ADULT_4
Streptococcus_salivarius_D	Streptococcus_salivarius_D__Hadza_PheChl_Fiber_Hadza_Nepal_C_22_1305
Succinivibrio_sp000431835	Succinivibrio_sp000431835__Hadza_MoBio_hadza_A_D_E_23_1060
Suilimivivens_aceti	Suilimivivens_aceti__Hadza_MoBio_hadza_E_H_G_7_1734
Suilimivivens_sp000436115	Suilimivivens_sp000436115__Hadza_PheChl_Fiber_Hadza_Nepal_E_2_1315
Suilimivivens_sp000438155	Suilimivivens_sp000438155__Hadza_MoBio_hadza_A_D_E_17_1054
Treponema_D_berlinense	Treponema_D_berlinense__Hadza_MoBio_hadza_E_H_J_6_2308
Treponema_D_peruense	Treponema_D_peruense__Hadza_MoBio_hadza_I_L_K_18_2626
Treponema_D_sp900541945	Treponema_D_sp900541945__Hadza_MoBio_hadza_I_L_H_9_1235
Treponema_D_succinifaciens	Treponema_D_succinifaciens__Hadza_MoBio_hadza_E_H_L_24_2330
UBA10281_sp900548285	UBA10281_sp900548285__Hadza_MoBio_hadza_A_D_E_6_1152
UBA10281_sp900554485	UBA10281_sp900554485__Hadza_MoBio_hadza_A_D_C_6_1128
UBA10281_sp900556195	UBA10281_sp900556195__Hadza_MoBio_hadza_I_L_I_19_2477
UBA10281_sp900764105	UBA10281_sp900764105__Hadza_MoBio_hadza_A_D_H_5_1561
UBA10281_sp900767815	UBA10281_sp900767815__Hadza_MoBio_hadza_I_L_D_23_2656
UBA10677_sp934270565	UBA10677_sp934270565__Hadza_MoBio_hadza_I_L_O_11_2507
UBA1081_sp900543395	UBA1081_sp900543395__Hadza_MoBio_hadza_A_D_J_18_1660
UBA11512_sp003522145	UBA11512_sp003522145__Hadza_MoBio_hadza_A_D_H_2_1640
UBA11524_sp000437595	UBA11524_sp000437595__TS_ADULT_33
UBA11774_sp003507655	UBA11774_sp003507655__Hadza_MoBio_hadza_E_H_E_17_1727
UBA1206_sp000433115	UBA1206_sp000433115__Hadza_MoBio_hadza_A_D_E_6_1152
UBA1227_sp900545655	UBA1227_sp900545655__Hadza_PheChl_Fiber_Hadza_Nepal_A_10_1531
UBA1724_sp900548225	UBA1724_sp900548225__Hadza_MoBio_hadza_I_L_K_19_2488
UBA1731_sp934667425	UBA1731_sp934667425__Hadza_MoBio_hadza_E_H_B_9_1942
UBA1762_sp934527255	UBA1762_sp934527255__Hadza_MoBio_hadza_I_L_O_11_2507
UBA1829_sp900549045	UBA1829_sp900549045__Hadza_MoBio_hadza_I_L_I_17_2476
UBA2882_sp900549665	UBA2882_sp900549665__Hadza_PheChl_Fiber_Hadza_Nepal_E_6_1527
UBA2883_sp002103075	UBA2883_sp002103075__Hadza_MoBio_hadza_I_L_O_11_2507
UBA2883_sp900768915	UBA2883_sp900768915__Hadza_MoBio_hadza_I_L_I_19_2477
UBA2903_sp900768465	UBA2903_sp900768465__Hadza_MoBio_hadza_A_D_A_22_1120
UBA3282_sp934385475	UBA3282_sp934385475__Hadza_MoBio_hadza_E_H_H_22_2297
UBA3282_sp934401915	UBA3282_sp934401915__Hadza_MoBio_hadza_I_L_G_3_2391
UBA3789_sp934140575	UBA3789_sp934140575__Hadza_MoBio_hadza_A_D_B_22_1612
UBA4248_sp004554395	UBA4248_sp004554395__Hadza_MoBio_hadza_A_D_M_8_1180
UBA4285_sp900545225	UBA4285_sp900545225__Hadza_PheChl_Fiber_Hadza_Nepal_E_6_1527
UBA4372_sp900543815	UBA4372_sp900543815__TS_ADULT_20
UBA4644_sp900555855	UBA4644_sp900555855__TS_ADULT_14
UBA4644_sp900763355	UBA4644_sp900763355__TS_ADULT_134
UBA4716_sp905199755	UBA4716_sp905199755__Hadza_PheChl_Fiber_Hadza_Nepal_E_12_1556
UBA4716_sp934476675	UBA4716_sp934476675__TS_ADULT_164
UBA4951_sp900540385	UBA4951_sp900540385__Hadza_MoBio_hadza_E_H_H_11_1999
UBA5884_sp900551505	UBA5884_sp900551505__TS_ADULT_158
UBA5905_sp021640185	UBA5905_sp021640185__TS_ADULT_147
UBA5905_sp934630515	UBA5905_sp934630515__Hadza_MoBio_hadza_E_H_J_6_2308
UBA636_sp900546285	UBA636_sp900546285__TS_ADULT_112
UBA6382_sp900557555	UBA6382_sp900557555__Hadza_MoBio_hadza_A_D_G_6_1094
UBA6398_sp003150315	UBA6398_sp003150315__TS_ADULT_168
UBA644_sp900547165	UBA644_sp900547165__Hadza_PheChl_Fiber_Hadza_Nepal_E_4_1526
UBA644_sp934454405	UBA644_sp934454405__TS_ADULT_18
UBA6448_sp000437315	UBA6448_sp000437315__Hadza_MoBio_hadza_A_D_H_24_1651
UBA6448_sp934101645	UBA6448_sp934101645__TS_ADULT_99
UBA6857_sp934511365	UBA6857_sp934511365__Hadza_PheChl_Fiber_Hadza_Nepal_A_10_1531
UBA6857_sp934525065	UBA6857_sp934525065__Hadza_PheChl_Fiber_Hadza_Nepal_E_14_1557
UBA6984_sp900550295	UBA6984_sp900550295__Hadza_MoBio_hadza_I_L_F_16_1210
UBA737_sp002431945	UBA737_sp002431945__Hadza_MoBio_hadza_A_D_J_23_1541
UBA737_sp900547305	UBA737_sp900547305__TS_ADULT_27
UBA737_sp900549055	UBA737_sp900549055__Hadza_MoBio_hadza_E_H_D_4_2182
UBA737_sp900549755	UBA737_sp900549755__Hadza_MoBio_hadza_A_D_H_11_1558
UBA737_sp934457415	UBA737_sp934457415__TS_ADULT_99
UBA737_sp934477125	UBA737_sp934477125__Hadza_MoBio_hadza_E_H_J_2_2306
UBA737_sp934486705	UBA737_sp934486705__TS_ADULT_147
UBA738_sp003522945	UBA738_sp003522945__TS_ADULT_134
UBA738_sp900763675	UBA738_sp900763675__TS_ADULT_24
UBA9732_sp001940825	UBA9732_sp001940825__Hadza_MoBio_hadza_E_H_O_22_1935
UMGS1052_sp900548115	UMGS1052_sp900548115__TS_ADULT_147
UMGS1224_sp900549775	UMGS1224_sp900549775__Hadza_MoBio_hadza_E_H_K_7_1773
UMGS1225_sp900549725	UMGS1225_sp900549725__Hadza_PheChl_Fiber_Hadza_Nepal_E_2_1315
UMGS1312_sp900550625	UMGS1312_sp900550625__Hadza_MoBio_hadza_A_D_G_14_1102
UMGS1312_sp934446065	UMGS1312_sp934446065__TS_ADULT_167
UMGS1338_sp900550805	UMGS1338_sp900550805__Hadza_MoBio_hadza_E_H_P_21_2150
UMGS1477_sp900552205	UMGS1477_sp900552205__TS_ADULT_145
UMGS1484_sp900552285	UMGS1484_sp900552285__Hadza_MoBio_hadza_I_L_F_16_1210
UMGS1484_sp905193225	UMGS1484_sp905193225__TS_ADULT_77
UMGS1484_sp934486455	UMGS1484_sp934486455__TS_ADULT_159
UMGS1491_sp900554775	UMGS1491_sp900554775__Hadza_PheChl_Fiber_Hadza_Nepal_A_8_1525
UMGS1494_sp900552305	UMGS1494_sp900552305__TS_ADULT_1
UMGS1585_sp900553205	UMGS1585_sp900553205__Hadza_MoBio_hadza_I_L_G_7_2399
UMGS1585_sp900766355	UMGS1585_sp900766355__Hadza_PheChl_Fiber_Hadza_Nepal_A_12_1545
UMGS1613_sp934148845	UMGS1613_sp934148845__TS_ADULT_101
UMGS1668_sp900553955	UMGS1668_sp900553955__Hadza_PheChl_Fiber_Hadza_Nepal_E_4_1526
UMGS1668_sp900768105	UMGS1668_sp900768105__TS_ADULT_155
UMGS1696_sp900763885	UMGS1696_sp900763885__TS_ADULT_29
UMGS1766_sp900554855	UMGS1766_sp900554855__Hadza_MoBio_hadza_A_D_B_6_1603
UMGS1781_sp900553365	UMGS1781_sp900553365__Hadza_MoBio_hadza_E_H_O_22_1935
UMGS1781_sp900553695	UMGS1781_sp900553695__Hadza_MoBio_hadza_A_D_L_21_1526
UMGS1781_sp900554635	UMGS1781_sp900554635__Hadza_MoBio_hadza_E_H_E_15_1726
UMGS1820_sp900545865	UMGS1820_sp900545865__Hadza_MoBio_hadza_E_H_E_1_1719
UMGS1883_sp905195005	UMGS1883_sp905195005__TS_ADULT_151
UMGS1883_sp934476455	UMGS1883_sp934476455__TS_ADULT_58
UMGS1994_sp934130285	UMGS1994_sp934130285__Hadza_MoBio_C_REDO_E_12_1563
UMGS363_sp900543105	UMGS363_sp900543105__Hadza_PheChl_Fiber_Hadza_Nepal_C_12_2317
UMGS363_sp900550695	UMGS363_sp900550695__TS_ADULT_24
UMGS755_sp900545185	UMGS755_sp900545185__TS_ADULT_7
UMGS882_sp900546385	UMGS882_sp900546385__TS_ADULT_64
UMGS882_sp934444645	UMGS882_sp934444645__TS_ADULT_148
UMGS902_sp003343845	UMGS902_sp003343845__Hadza_MoBio_hadza_E_H_K_13_1776
UMGS902_sp934467415	UMGS902_sp934467415__Hadza_MoBio_hadza_E_H_E_1_1719
UMGS911_sp900545935	UMGS911_sp900545935__Hadza_MoBio_hadza_A_D_H_5_1561
UMGS911_sp900546695	UMGS911_sp900546695__Hadza_PheChl_Fiber_Hadza_Nepal_E_10_1530
UMGS973_sp900547295	UMGS973_sp900547295__TS_ADULT_132
Ventricola_sp900542395	Ventricola_sp900542395__TS_ADULT_77
Ventricola_sp900542445	Ventricola_sp900542445__Hadza_MoBio_hadza_E_H_I_1_1742
Ventricola_sp900548125	Ventricola_sp900548125__Hadza_MoBio_hadza_A_D_H_22_1650
Vescimonas_cirricatena	Vescimonas_cirricatena__Hadza_MoBio_hadza_A_D_P_1_1512
Vescimonas_coprocola	Vescimonas_coprocola__TS_ADULT_165
Vescimonas_fastidiosa	Vescimonas_fastidiosa__TS_ADULT_100
Vescimonas_sp000435555	Vescimonas_sp000435555__TS_ADULT_174
Vescimonas_sp000435975	Vescimonas_sp000435975__TS_ADULT_52
Vescimonas_sp003487665	Vescimonas_sp003487665__TS_ADULT_46
Vescimonas_sp003539495	Vescimonas_sp003539495__Hadza_MoBio_C_REDO_E_12_1563
Vescimonas_sp900313295	Vescimonas_sp900313295__TS_ADULT_148
Vescimonas_sp900545495	Vescimonas_sp900545495__Hadza_MoBio_hadza_A_D_K_6_1150
Vescimonas_sp900545585	Vescimonas_sp900545585__Hadza_MoBio_hadza_A_D_J_23_1541
Vescimonas_sp900548615	Vescimonas_sp900548615__Hadza_MoBio_hadza_E_H_G_5_1733
Vescimonas_sp900551995	Vescimonas_sp900551995__Hadza_MoBio_hadza_E_H_K_1_1770
Vescimonas_sp900552475	Vescimonas_sp900552475__TS_ADULT_54
Vescimonas_sp900552725	Vescimonas_sp900552725__Hadza_MoBio_hadza_A_D_F_8_1631
Vescimonas_sp900554275	Vescimonas_sp900554275__Hadza_MoBio_hadza_A_D_N_9_1519
Vescimonas_sp900555735	Vescimonas_sp900555735__TS_ADULT_54
Vescimonas_sp900556015	Vescimonas_sp900556015__TS_ADULT_64
Vescimonas_sp900757415	Vescimonas_sp900757415__Hadza_MoBio_hadza_E_H_A_15_1703
Vescimonas_sp934589835	Vescimonas_sp934589835__TS_ADULT_101
Vescimonas_sp934591705	Vescimonas_sp934591705__TS_ADULT_133
Vescimonas_sp934591815	Vescimonas_sp934591815__Hadza_MoBio_C_REDO_D_2_1542
Weissella_confusa	Weissella_confusa__Hadza_MoBio_hadza_E_H_F_1_1963
WG_1_sp900539665	WG_1_sp900539665__Hadza_MoBio_hadza_A_D_E_17_1054
Wujia_chipingensis	Wujia_chipingensis__Hadza_MoBio_hadza_I_L_I_4_2616
Wujia_sp900539705	Wujia_sp900539705__TS_ADULT_2
Wujia_sp934309145	Wujia_sp934309145__Hadza_MoBio_hadza_A_D_H_22_1650
YE71_sp000434695	YE71_sp000434695__Hadza_MoBio_hadza_I_L_K_19_2488
Zag111_sp002103105	Zag111_sp002103105__Hadza_MoBio_hadza_I_L_B_22_1164
Zag111_sp003258735	Zag111_sp003258735__Hadza_MoBio_hadza_E_H_D_10_2185
Zag111_sp004558955	Zag111_sp004558955__Hadza_MoBio_hadza_E_H_H_12_2277
